,Final_text
0,picture preserves memory moment
1,capture designs bring life location  order custom
2,home quarantine football podcast 200  athletes listen
3,revista digital specialized in sports 247
4,volleyball instagram great points skills fails make sure volleyball moviecamera
5,de for the for the passionate of the sport follow us for keep you informed from all News statistics results a lot more soccerball tennis basketball boxingglove flaginhole
6,sports sports minute   1 sports coverage ig   wednesday october 7 2020
7,aspirentfrombhimavaram upsc give inspiration structure behind success gives directhit
8,selfcare open fan
9,instagram 60 wale cry Mr RAM BJP Worker official account fitness lover kbd
10,facebook yzblue photography pics
11,focusing sustainable short  long term solutions managing pain returning patients higher quality life
12,cinematic video shoot
13,0
14,volleyball players â€™ agency fivb licensed agent an company from agency from athletes professionals from volleyball
15,kentwood michigan
16,0
17,furniture home accessories consignment new arrivals daily family owned since 1969 tue-sat 12-430
18,important message alert  get go vote people drill letyourvoicesbeheard your vote matters timeforachange
19,"triple threat training "" always threat "" coach mentor media  nbc sports   events entrepreneur â€™ change"
20,ğ•¸ğ– ğ–ˆğ–†ğ–‡ğ–‘ğ–Š ğ–† ğ–™ğ–ğ–Šğ–—ğ–—ğ–† ğ–†ğ–ˆğ–™ğ–šğ–†ğ–— ğ–•ğ–†ğ–—ğ–† ğ–›ğ–ğ–›ğ–ğ–— ğ– ğ–›ğ–ğ–›ğ–ğ–— ğ–•ğ–†ğ–—ğ–† ğ–†ğ–ˆğ–™ğ–šğ–†ğ–— little devil eternally
21,charity auctions featuring sports  entertainment memorabilia
22,sports network created empowering next generation highlights tag behindthebenchtv microphone camera moviecamera
23,international athlete national medalist india university medalist university record holder iaaf coach personal trainer ts3coach
24,sportswear store sugar-free supplements fuxion vidaana
25,photographer tag photos plz chubbyboypix step sportsdesign portrait photography camerawithflash camerawithflash
26,chasing birdies writing content daily content posted me personal golfing â€ malesign flaginhole
27,anthony davis fan     daily ad lakers content
28,rochester premier performance facility designed get athletes adults guaranteed results
29,cincinnati bengals  record  1 â€“ 2-1  next game  1011 20 ravens  main
30,posting picture josh allen everyday
31,many products free shipping delivery within 7-12 days accept paypal western union purchase whatsapp  8613386924 492
32,aim excellence
33,nba news nfl news podcast clothing line check youtube basketball american football
34,love christ love people tv sports anchor fox alabama texas  â€˜ 14
35,totally real quotes world college football drop
36,official instagram account leg crew
37,
38,sports boxingglove tennis personplayinghandball â€ malesign soccerball basketball american football baseball
39,channel youtubecomthebscot
40,fit style high quality supplier ã€‹ sportswear gymwear fitnesswear casual wear whatsapp  9230368248 52  us brands gyms clothing martialartsuniform
41,dominant arm grab reality arm uphold morality
42,sports times nba basketball mls soccer nfl football mlb baseball basketball soccer ball american football baseball
43,japan team ship anywhere tokyo japan
44,resource online gaming  slot gamedie
45,3dan taekwondo chungdokwan shotokan training sparring fitness training selfdefense weapons weightlifting Than martialarts weightloss
46,trying bring best laker content rip goal  1028 30 created 928 30 basketball
47,cricket trading 7 years proof  check dream 11 membership available every cricketgame cricketgame
48,pittsburgh born n raised strip club j spearmint rhino whos worked coast coast enjoy making ppl laugh serenity 412 music4life
49,hidupkan back spirit exercise together your community only of download of app store and google play stay month 021 2270880 7
50,of the sport world international tennis basketball
51,bÃ©isbol from venezuela lvbp lib venezuelan in  mlb npb trial lmb kbo other suspenders bill administered by baseball
52,aa hockey training snipersedgeambassador sick edits miss 100  shots â€™ take â€ wayne gretzky goalnet icehockey
53,take care outfit quality football  outfit  jersey   name customization
54,baperup indonesia indonesia official account repost baperupindonesia hashtag tag
55,
56,Sport bar tourism operator
57,""" solo understands me madness who share me passion "" journalist sports honduras soccerball"
58,usa weightlifting club member dogtownbarbell downwithdtb
59,16 year old idiot planning getting wrestling aleister black wwe champ
60,journey  1 100km gowshr  gowes  share  real joy beyond virtual ride  registration  29sept 22okt ride program  17okt 01nov wa  08236150393 9 personbiking â€ malesign
61,â­  1 baseball â­ baseball  â­ promo baseball
62,taipei taiwan welcome life cycling web designer jersey model
63,royal collections collections  resonable ghost quality products
64,marginal sports school by artistic gymnastics girls group initial preparation  3   early development toddlers  2
65,blueprint 58 non-profit mentoring community development program adair park pittsburgh neighborhoods atlanta
66,ğ‘¨ğ’•ğ’‰ğ’ğ’†ğ’•ğ’† â˜¬ ğ‡ğ”ğŒğ€ğğ’Šğ’•ğ’š â˜¬ Ik a B C. Mr. H A B C D j In G Or J j à¨Ÿ L à¨¡ Relevant à¨£ From Th The The No. à¨ª F B à¨­ M à¤¯ R L à¨µ à©œ Sh B G à¨« à¨œà¨¼ à¨²à¨¼ â€ malesign personliftingweights
67,bringing best volleyball content platforms one volleyballpower
68,the best moments your loved ones species sports you find exactly find best moments favorite sports
69,bsay 2 ep  â€˜ trust â€™  978  fearsunleashed microphone
70,say treat  beach that 2 miniature pinschers
71,ğ’ªğ“Œğ“ƒğ‘’ğ“‡ ğ‘œğ’» ğ“ğ“²ğ“µğ“¼ ğ“’ğ“»ğ”‚ğ“¼ğ“½ğ“ªğ“µğ“¼ ğ“¢ğ“½ğ“ªğ“»ğ“¼ ğ™²ğš˜ğš—ğšœğšŒğš’ğš˜ğšğšœ ğ™¼ğš˜ğš– ğ™·ğš˜ğš•ğš’ğšœğšğš’ğšŒ ğ™´ğšğšğšŒğšŠğšğš˜ğš› â„˜ É©Ä…Å‹É¬ à½ É›Ä±Æ™Ä± â„˜ à½ à½ personinlotusposition â€ femalesign
72,magic inspired los angeles based kingbabes tag us pix paisley g collection available shop vintage  up-cycled
73,2020 new juice coming soon breakdown sports topics alonzo jones interviewees welcome subscribe youtube
74,sport training
75,tampachick 813 â€™ assholes love ganja movies animals swimming loving
76,source educational info  working nutrition 100  original posts
77,we are a brand focused on promoting good nutrition free artisan products from our catalog
78,sports fitness dietitian flexible fueling plan designed email information
79,past horse racing clips historical highlights around globe calendar day horseracing horseracing
80,hey name jessica â€™ northern california reno brooks guru spend days driving around nerding
81,stellar infinite possibility
82,commercial illustrator clients include disney marvel fx mlb espn fox indiana pacers prints
83,latest sports highlights submit videos chance get posted powered tr network
84,Distribution Sports equipment Fitness Gloves Yoga mat Yoga ball Swinging bar Abdominal wheel And so on line id  apisek 4
85,account manager guarantee signal 247 hours info start making real
86,ğ”¸ ğ•—ğ•’ğ•ğ•šğ•ğ•ª ğ• ğ•— ğ•”ğ•£ğ•–ğ•’ğ•¥ğ•šğ•§ğ•–ğ•¤ ğ•”ğ•£ğ•–ğ•’ğ•¥ğ•šğ•Ÿğ•˜ ğ•—ğ• ğ•£ ğ•¥ğ•™ğ•– â„‚ğ•£ğ•–ğ•’ğ•¥ğ• ğ•£  bible based church  â„‚ğ• ğ•ğ•– ğ•¨ğ• ğ•£ğ•¤ğ•™ğ•šğ•¡ ğ•¨ğ•šğ•¥ğ•™ ğ•¦ğ•¤ ğ•Šğ•¦ğ•Ÿğ••ğ•’ğ•ªğ•¤ ğŸ™ğŸ˜ğ•’ğ• options
87,retaj sports outfit best manufacturing fitness products  gears   streets wears well whatsapp  0305-6168930 email
88,wanna single girl who id mera 3323
89,w4w goal continue building water sources create awareness resources neccessary wildlife remote arid areas kenya
90,16x champs  updates  highlights  scores  news record  52-19 next game  lakers vs heat october Cat 126 20
91,mom two boys usaf veteran bodybuilding tattoos gun enthusiast vegas official account direct hit
92,0
93,bienvenidos the court world where you'll find information from everybody the sports the data more important the top guests
94,promo 10 post 5 story post
95,we manage careers from athletes  send your  between in contact with us or we send one direct
96,ambassador stationhead sports show host mon 8p wed Sag  sat 1pm notoriousapproved tues  thurs 8p  sat 2pm
97,australia shop pay later earn loyalty points international shipping click
98,many products free shipping delivery within 7-12 days accept paypal western union purchase whatsapp  8613386924 492
99,many products free shipping delivery within 7-12 days accept paypal western union purchase whatsapp  8613386924 492
100,dragon boat team new college uoft current u24 university national champions recruiting 2020-2021 season
101,nba mlb â£ last minute â£ more â£ â£ down here the basketball baseball channel
102,machine tats racing jewels maybe tees  nyc books open make appointment
103,ğ““ğ“²ğ“® ğ“±ğ“ªğ“¿ğ“²ğ“·ğ“° ğ“¶ğ“®ğ“¶ğ“¸ğ“»ğ“²ğ“®ğ“¼ ğ““ğ“¸ğ“· â€™ ğ“½ ğ“­ğ“²ğ“® ğ”€ğ“²ğ“½ğ“± ğ“³ğ“¾ğ“¼ğ“½ ğ“­ğ“»ğ“®ğ“ªğ“¶ğ“¼ ğ““ğ“¸ğ“° ğ“­ğ“ªğ“­ ğ“¢ğ“½ğ“ªğ”‚ğ“²ğ“·ğ“° ğ“±ğ“®ğ“ªğ“µğ“½ğ“±ğ”‚ ğ“¯ğ“²ğ“½ ğ“¹ğ“¸ğ“¼ğ“²ğ“½ğ“²ğ“¿ğ“®
104,rotating group friends debate hottest topics sports â£ presented give us shot network
105,makeup graduation  photoshoot  engagement  package complete wedding  kartinian  bridesmaid  dll [ make it happen your beautiful here ]   kalijaga Cirebon
106,fine art wedding photographers husband  wife duo blacksburg  roanoke will booking weddings 2021
107,story short living process becoming best version I trust accepted and thank you â€
108,tina  clovis that master hairstylist specializing haircuts long short thick thin   scanning \ ombrÃ©  17 yrs experience
109,making memories creating moments matter photos  videos  make-up metro manila-based
110,atlanta â€™ premier wedding event planner servicing south carolina tennessee call text us 404455-1877
111,Hotel Nikko Himeji Bridal
112,photography cinematography dinesh toronto canada please email
113,specialize wedding reception outfits appointment stamford  ct  usa 12035703348
114,welcome world girl found behind camera  message inquiries  peterborough kawartha lakes chat soon mary
115,photo  video  photo booth weddings portraits photo booth
116,""" record story life with a lens in sheet photo ""  prewedding  wedding photographer  08239144778 9 city high hill camera"
117,rita marchuk lifestyle love story maternity booking photoshoot camerawithflash
118,ğğšğ­ğ®ğ«ğ ğ‘ğ¨ğ¦ğšğ§ğœğ  ğ’ğ­ğ¨ğ«ğ¢ğğ¬ ğ¨ğŸ ğ‚ğğ¥ğğ›ğ«ğšğ­ğ¢ğ¨ğ§ serving nc  beyond vibrant colors enthusiast booking 2020 2021 2022 also â†  â€ malesign
119,based fresno that  â†  professional hype woman â†  email book collab â†  l f e l e  elopement photographer
120,welcome camerawithflash
121,wedding planning floral design rentals featured vogue brides  insider fl  new yourrunwayevent
122,photoloop photography designer  photographer city kinabalu  papar  at  malaysia enquiries leave message comment she
123,place return free shipping orders 60  indianjewellery punjabijewellery polkijewellery kundan
124,production studio bangi booking camera camerawithflash moviecamera
125,taking wedding submission process entirely freeing focus heart behind business â€
126,weddings  engagements  bridal showers  events certified wedding planner  consultant toronto
127,professional photographer life artist located san francisco bay area
128,health  fitness  lots sarcasm  coffee
129,awesome posts
130,Concept image Commercial photography Wedding photography Product photography Brand image Business cooperation proposals are welcome. Model broker ï½œ Advertising ï½œ Brand ï½œ Image ï½œ Image ï½œ Concept You can visit the store in person. 10 minutes walk from the exit of Dingxi MRT based taiwan us pm
131,0
132,new account order 08882582042 keep-gercep ngamprah bandung barat fb ramira kebaya bridal
133,hey â€™ aly let â€™ hangout take pictures inclusive lifestyle photographer located barrie ontario willing travel
134,ğ¶ğ‘’ğ‘™ğ‘’ğ‘ğ‘Ÿğ‘ğ‘¡ğ‘’ ğ‘–ğ‘› ğ‘†ğ‘¡ğ‘¦ğ‘™ğ‘’ ğµğ‘¢ğ‘ ğ‘˜ğ‘œ ğ‘œğ‘¤ğ‘›ğ‘’ğ‘Ÿ  ğ‘™ğ‘’ğ‘ğ‘‘ ğ‘¡ğ‘œ ğ‘ğ‘œğ‘œğ‘˜ ğ‘ ğ¹ğ‘…ğ¸ğ¸ ğ¶ğ‘œğ‘›ğ‘ ğ‘¢ğ‘™ğ‘¡ğ‘ğ‘¡ğ‘–ğ‘œğ‘› 647-470-7902 ğ¶ğ‘œ-ğ¹ğ‘œğ‘¢ğ‘›ğ‘‘ğ‘’ğ‘Ÿ â€ femalesign â€ femalesign
135,inclusive wedding caterer southern colorado social corporate weddings memories â£  altitude hospitality group  â£
136,packages details call 01120203092 kindly leave private message private account
137,forever taking pictures camera heart wedding photographer special education teacher dog mom engaged richmond lover camerawithflash
138,destination event wedding venue located chico that chicoweddingvenue norcalweddingvenue chicoweddings
139,boz 34 moluccas basket photographer  filmmaker  direct canon 6 d  canon cheek mark iv catholic
140,shannon  jacob wife  husband duo florida photographer  videographer hometown beach bums weddings  families camerawithflash
141,professional wedding photography  videography info and booking click below yes
142,0
143,portraitsfamiliescouplesÂ° natural light photographer â˜¼ based the vegas nv available travel
144,fine art photographer camera
145,ğ’¯ğ’½ğ‘’ ğ¿ğ’¾ğ“ğ’¾ ğ¸ğ“ğ“…ğ‘’ğ“‡ğ’¾ğ‘’ğ“ƒğ’¸ğ‘’ making dreams come true 60 years wedding dresses  evening dresses sizes 2-20 tarzana ca appointment
146,affordable wedding packages excellent service  62 2158827 9293 sum 08128018959 9
147,wwwfacebookcominfocuswithgabrielle check facebook photos
148,auckland â€™ curated wedding guide
149,venue gruene texas best weddings 100  free wedding planning
150,h   very traveller turkish 894719 7848 777 520 5197148
151,photographer info 08574911911 6 08226409013 4 serve city based jl menur 88 ponorogo Java east indonesia
152,ğš†ğš‘ğšŠğš ğš‘ğšŠğš™ğš™ğšğš—ğšœ ğš’ğš—ğšœğš’ğšğš ğš¢ğš˜ğšğš› ğš‘ğšğšŠğš›ğš ğšŒğšŠğš— ğš‘ğšŠğš™ğš™ğšğš— ğšğš‘ğš›ğš˜ğšğšğš‘ ğš–ğš¢ ğš•ğšğš—ğšœ ğ™ºğšğšğš™ğš’ğš—ğš ğš–ğšğš–ğš˜ğš›ğš’ğšğšœ ğšŠğš•ğš’ğšŸğš  ğ™°ğ™¶ğ™´ğ™½ğ™³ğ™´ ğ™°ğ™¶ğ™¾ğšğ™°  ğ™±ğ™¾ğ™¾ğ™º ğ™½ğ™¾ğš†
153,sevenqweddings  call  9196330011 77  9188930011 77
154,"cp  08528742720 4 portrait   "" all sorts visual "" job camerawithflash moviecamera"
155,freelance photographer west kalimantan
156,why where East you treasure there will be too you heart  destination weddings based sonora â€™
157,canon cheek when  still photography  free spirit  halifax nova scotia  canada  adventures  collaborative work
158,effortless hair  makeup  editorial featured press
159,serve best ability photographer  spec studio wedding  ceremony  events working vancouver dontbeshytocontactme camerawithflash camerawithflash camerawithflash
160,0
161,45lbs to goal black lives matter personliftingweights â€ malesign
162,wp mx from the grandparents val â€™ quirico the Tuscany mexican
163,love hand facebook  hey hand photography email  inquiries
164,modern wedding  lifestyle photography weddings  engagements  portraits  maternity okcweddingphotographer camera
165,black lives matter ec strong   ï½‚Î»ï½Œï½” ï¼ ï½„c \ ï½–Î» \ \ bookings  custom art  mica alum â€˜ 14
166,prewedding wedding cinematic price list please hp sum 08535924635 5
167,wife dog mom adventure seeker plant lover  michigan lifestyle photographer personal  camera
168,Éª Ñ•Êœá´á´á´› Ò“á´€á´ÉªÊŸÊ  á´¡á´‡á´…á´…ÉªÉ´É¢  É¢Ê€á´€á´…  Ê™á´á´œá´…á´ÉªÊ€  á´á´€á´›Ñ”ÑĞ¸Î¹Ñ‚Ñƒ  É´á´‡á´¡Ê™á´Ê€É´ á´€á´¡á´€Ê€á´… á´¡ÉªÉ´É´ÉªÉ´É¢ á´˜Êœá´á´›á´É¢Ê€á´€á´˜Êœá´‡Ê€ camerawithflash
169,ğ“ğ“»ğ“½  4 eternalize special moments ethically sourced born toronto based scottsdale ships
170,dees hair  makeup studio professional hair  makeup artist text email inquiries
171,wrinkle time photography florida  beyond midwest girl daytona beach camerawithflash
172,p h g h r f e l r c h e camera camerawithflash
173,professionalphotographer photography model photography portrait photography sportsphotography Yip professional photography graduate camerawithflash moviecamera camerawithflash clapperboard
174,u b c n p h g r p h  ryan ottawa home anywhere love exists closer look
175,weddingphotografer weddingvideografer info price list sum 08564823945 6
176,photographer leica sl2 m10 q2 bangkok thailand mail ratamugwedding
177,ğ•½ğ–”ğ‘¦ğ–†ğ–‘ 10 ğ–€ğ–“ğ–ğ–™ğ–Šğ–‰ ğ”¼ğ••ğ•šğ•¥ğ•šğ•Ÿğ•˜ ğ•šğ•¤ ğ•ğ•ª ğğ®ğ‘ğ ğ“ğšğŒğ¢ğ‹ğšğ§ ğ•¸ğ–šğ–˜ğ–ğ–ˆ ğ–‘ğ–”ğ–›ğ–Š â™« ï¸ Only Enough The world Beautiful
178,charlotte christian photography based new zealand wedding photography elopement photography engagement photography
179,""" face front "" nigerian proverb los angeles  icu rn romans 8 18"
180,services photography event wedding  wedding  prewedding photo graduation thanksgiving and event other   08227838991 1 whatsapp  click
181,ğ‘ºğ’Šğ’ˆğ’ğ’ ğ‘¨ğ’ğ’Šğ’—ğ’†ğ’“ğ’”ğ’‚Ìğ’“ğ’Šğ’ ğ‘«ğ’Šğ’‚ 05 ğ’…ğ’† ğ’‹ğ’–ğ’ğ’‰ğ’ ğ‘«ğ’ğ’ğ’‚ ğ’…ğ’‚ ğ’„ğ’ğ’ğ’•ğ’‚
182,video cinema studio photo based kediri
183,ğ‘ºğ’‚ğ’š ğ’Šğ’• ğ’˜ğ’Šğ’•ğ’‰ ğ’˜ğ’ğ’ğ’… ğ™²ğšŠğš”ğš ğšğš˜ğš™ğš™ğšğš›ğšœ ğšŠğš—ğš ğš–ğš˜ğš›ğš ğšğš˜ğš› ğššğšğšğšœğšğš’ğš˜ğš—ğšœ ğšŠğš—ğš ğšŒğšğšœğšğš˜ğš– ğš˜ğš›ğšğšğš› ğš’ğš—ğššğšğš’ğš›ğš’ğšğšœ
184,"documentation photo  video wedding  wedding  post wedding "" every unforgettable moment "" bekasi tasikmalaya"
185,couple daily hdcouplepic
186,morgan diane wedding  portrait photographer detroit  scottsdale  chicago dog mom  newlywed available travel
187,â€ Prayer Ø¹ .Ù„Ù‰ Prophet she Crown Remembrance I help you in a Selection Dresses Distinctive And counted â€ For ads And coverages Ù„Ù„Ø¹Ø±Ø¶
188,award winning wedding  boudoir photog oh hey â€™ leesa professional wine drinking third boudoir
189,portrait iatse local 600 still photographer let capture moments spend time enjoying
190,0
191,wholesale  sareeborders  trims  whatsapp  9170166255 95  export  payment  gpay paytm imps neft  bank
192,northern that wedding photography lgbtqia destination weddings ï¿¼ elopements adventure sessions
193,michigan photographer family  seniors  engagements camerawithflash
194,award winning wedding photographers based toledo 10  years bestoftoledo 2017 travel love greater  419862love camera
195,findlay oh travel adorama company best shot 2019 top 100 website awards prints --> camerawithflash
196,wife photographer author equestrian fb  tiktok
197,is 1891 gardens twinkling rose arbors  tranquil waterfalls celebrate shaded forest  blooming florals san diego that
198,photo dumping authentic moments photos taken full manual get photos taken camera
199,chat sum only rarely of Open
200,""" house wedding services "" wedding vendor search portal helps people find wedding product services us inquiry"
201,photographer argentina buenos aires personal  swaps Models camerawithflash
202,find out activities of Java the middle only of here advertising  media partner Use tagar partnerjateng
203,private mountain retreat  surrounded native deer singing blue jays  nestled amongst manzanita pine live oak trees julian ca
204,wedding photography preweddingphotography engagementphotography dronephotography anniversaryphotography candidphotography photography birthday
205,help creatives biz grow providing support media engagement customer management  event coordination free discovery call
206,28 ğ“¨ğ“¸ğ“¾ğ“·ğ“°ğ“®ğ“¼ğ“½ ğ“¨ğ“¸ğ“¾ğ“·ğ“°ğ“®ğ“¼ğ“½ travel passion raitravels phils
207,services photo  video cinematic  engagement wedding prewedding babyboo photoshoot dll 08312164479 9
208,chennais leading wedding event post-production company 7  years experience 800  clients album designing photo retouching video editing
209,""" capture heart show love "" professional service wedding documentation part mks indonesia pricelist â–¼"
210,mens physique victory it is partnerships  direct  email
211,0
212,sports in national Whatsapp 3106000165 by mayor basketball soccer ball
213,many products free shipping delivery within 7-12 days accept paypal western union purchase whatsapp  8613386924 492
214,gives power weak strength powerless isaiah 4029 brazilian living manhattan new sandraelisabete
215,ï½Œï½‰ï½†ï½… ï½“ï½”ï½™ï½Œï½… macaw sp daughter from one God vivo â€
216,total fat content 10 muscles total 8 postpartum 22kg directhit
217,mom health coach trainer calisthenics strength training yoga integrative nutrition graduate nasm certified snap beksgemini
218,certified personal fitness trainer exercise nutrition supplement ep 65 line cat 777t get more training â€ moviecamera
219,sports nutrition trx trainer personal trainer reikista baseball player genetic nutrition runner cyclist nutrition obesity control
220,ariane g c sp brazil 28 years yasmin snow e clÃ©o
221,manager fitness physical fitness in â€ personliftingweights â€ femalesign personliftingweights â€ femalesign
222,fit stay apparel event producer
223,fitness enthusiast born inspire  motivate co-founder
224,sw journey hk 6lbs left lose weight 90 weigh in-mondays wedding friendly directhit
225,lima peru  draw  art love artistpalette
226,old man going d1 track times 10 year break long enough 424- mile 1538- 5k run fast learn daily patience â€ malesign
227,here now
228,lover life dancing chocolate wine coffee
229,black martialartsuniform personliftingweights â€ malesign camerawithflash videogame
230,fitness baby steps
231,win show win everyday  peakperformance millionairementor motivationalspeaker thebestmotivationalbookever
232,certified personal trainer jersey florida men â€™ physique competitor go subscribe
233,street preacher  engineer  pro drone pilot  philanthropies  entrepreneur  Than  g \  radio
234,toronto fitness health lifestyle natural bodybuilder
235,
236,
237,book classes
238,powerlifter  training log teamcoltlaj
239,Photoshop type editing [ paid work free  9325000257 portraits editography subscribe
240,boxer-in-training mattm 30 discount
241,past live moment enjoy professional life liver way become best version
242,mom ran account Good old gymnast  one xcel bronze fav colors personcartwheeling â€ femalesign
243,mak 2 fighters squats for moms 2 â€ sis â€œ baby woman Yes tnya of here â€ for frame 2 cute do not I
244,inspiration limits meant broken directhit
245,personal trainer ask god end prostration
246,blessed father 3 love gym thankful much
247,0
248,fashion commercial model ownes fitness addict wish aug 22 â€œ hard work pays â€â€ â€
249,goalkeeper chiva of chef by profession goalkeeper of birth soccerball goalnet
250,physiotherapy trauma orthopedic cross pilates graduated physiotherapy in orthopedics 14997323605
251,crossfit tsawwassen group training training
252,kara â«· â‰œ â—¬ photographer â–³ yogini â–³ valkyrie ğ–¤¹ big sure that Eh rit  200 yoga teacher creator ominspiredliving
253,routinesgym
254,go limit fun â— trini trainer â— dms open inquiries weird peeps
255,0
256,em construction look the stories would you like win followers  he comments sdv on last photo would you like an photo your  follow rule what this Featured
257,sw   helping woman feel confident personliftingweights â€ femalesign
258,supercharge workout take body next level  results within 30 days quality muscles fat Show item free
259,chiangmai-thailand
260,anime birthday  october 4th libra youtube  phase gaymer youtuber unfollow  unfollow dallas tx videogame personliftingweights â€ malesign
261,â€œ train as beast  light as bella â€  riohacha the guajira  shipments national
262,finest free range free trade oc climbing bouldering memes aka big man campus  board  submissions
263,registered nurse certifications   functional movement screen level 1  2  functional capacity screen  instrument assisted soft tissue mobilization
264,let â€™ go gym
265,á´‡Ç«á´œÉªá´˜á´‡ á´ á´‡Ì‚á´ á´…á´€É´á´„Ì§á´€Ê€ á´„á´€sá´€á´á´‡É´á´›á´s á´€É´Éªá´ á´‡Ê€sá´€ÌÊ€Éªá´s sÊœá´á´¡s á´‡á´ á´‡É´á´›á´sá´É´á´€ÊŸ á´€É´Éªá´á´€á´„Ì§á´Ìƒá´‡s á´‡sá´˜á´€á´„Ì§á´
266,see tshirts tanks hoodies shop jmc clothing amazon click
267,followme daily bollywood update
268,blogger more important what will from win It is courage from begin amooo weight training sagitariana personliftingweights â€ femalesign
269,u u polygamist â€œ doneewbae â€ ğ•¯ğ–—ğ–”ğ–•ğ–•ğ–ğ–“ â€™ ğ•¾ğ–”ğ–”ğ–“ â€ malesign
270,somos olympikus Peru the top sneakers sports with quality technological Â¡ always in movement follow us in facebook
271,email us free promotion posting best pictures ig love
272,35 yrs old columbus oh
273,â†  â† ğ—£ğ—²ğ—¿ğ˜€ğ—¼ğ—»ğ—®ğ—¹ ğ—§ğ—¿ğ—®ğ—¶ğ—»ğ—¶ğ—»ğ—´  ğŸ­ğŸ¬ ğ˜†ğ—²ğ—®ğ—¿ğ˜€  ğŸ´ ğ—ªğ—²ğ—²ğ—¸ ğ—–ğ—µğ—®ğ—¹ğ—¹ğ—²ğ—»ğ—´ğ—²ğ˜€ ğ—¢ğ—»ğ—¹ğ—¶ğ—»ğ—² ğ—–ğ—¼ğ—®ğ—°ğ—µğ—¶ğ—»ğ—´  ğ—£ğ—¿ğ—¼ğ—´ğ—¿ğ—®ğ—ºğ—ºğ—¶ğ—»ğ—´ ğ—”ğ—½ğ—½ğ—®ğ—¿ğ—²ğ—¹  kcpt personliftingweights â€ femalesign â€ femalesign
274,mom 2 animal rescue worker aspiring powerlifter  pointillism artist personliftingweights â€ femalesign
275,bienvenidos here valledupar colombia store virtual sporty we make shipments level national â€
276,0
277,nyc co boxingglove artistpalette
278,personal trainer juana koslay san luis argentina camino from the watery esq patriotic
279,cards daily with messages for each date moment special each day we have a publication new for the find more cards in
280,0
281,family dadbod < â€”  muscle 15
282,prop crosstrainning pilates esp  training functional
283,0
284,ğ“¯ğ“²ğ“½ğ“·ğ“®ğ“¼ğ“¼  ÊŸÉªÒ“á´‡sá´›ÊÊŸá´‡ C
285,healthy lean hi-protein make lifestyle free consultation field   6281260293 98
286,"come  cash app  gymbum 365  support  paypalmegymbum365 email  "" gym bum 365 "" fitness brand"
287,ask great today
288,high-end guayos professional quality gÃºtfol store shipments all over the country whatsapp 319 478 58
289,artificial sweeteners colors cheap worldwide shipping men  women halloween giveaway use code halloween 4000 enter  save 20  â€ malesign
290,â€™ business usual 1978 iconic lgbtq passport welcome collabs
291,1st 413 trainer cityfitness moorehouse  wigram zealand
292,proud daddy  pt  coach  helping people look feel  perform better  please  training enquiries
293,we are manufacturers importers distributors of accessories fitness products machinery for the provision of gyms grass ipiales buga
294,personal ig  youngrasta godfirst humble  hungry  travel appt
295,personliftingweights â€ femalesign â€ malesign â€ malesign â€ femalesign
296,0
297,youtuber fitnesslifestyle world 24 Feb gym bikeracing youtuber modeling something different help peoples
298,Salary trainee ã€‚
299,proud2beindian pb65 hage 2day 2morrow everyday ride keep calm let ur bike noise
300,21
301,voted clackamas countys  1 gym 2019 nutrition coaching private personal training free facility use â€ malesign personliftingweights â€ malesign
302,owner  director Offices With  specialist in weight training  speaker information on office With
303,personal training
304,the best in clothing sporty House central maldonado 09358762 0 representatives in canelones florida colonia fitness ropadeportiva quality fashion
305,"empower follow my store partnerships via "" á´€ÉªÉ´á´…á´€ á´ á´€Ìƒá´ á´…Éªá´¢á´‡Ê€ Ç«á´œá´‡ Ò“á´Éª sort  "" femalesign"
306,cambodia's 1st world-class athletes development facility elite fitness center website 2 day pass youtube channel
307,university northern iowa accounting b â€˜ 18  macc â€˜ 19  cpa dallas tx
308,movement life owner
309,pedal prof from rhythms job on academia Featured personliftingweights â€ malesign
310,youtube pregame podcast athlete links microphone moviecamera
311,francisco that  forex trader  bodybuilding rider â€ malesign
312,0
313,chef â€œ unleash aura within â€ navy  owned operated  uw alum
314,nutrition dietetics-lebanese university glad share recipes live healthy restriction direct message customized diet
315,new ig paintings art online gallery shop coming soon
316,à¼’ 4 à¼’ ï¸ ğ• ğ•— camera camera
317,graphic designer  illustrator  dancer
318,maneira more easy from I know designer from eyebrows  tips
319,joyeria accessories handmade jewelry  accessories info come cashapp cell facebook imitation jewelry accessories deals
320,pages
321,let â€™ build dream home
322,â€œ great growling engine change technology â€ tech  tools  gadgets  inventions initiative youtube channel
323,affiliate people affiliate app
324,freelance graphics designer  illustration  typography  lineandcircle
325,moderate looking for House apartment soil and property other  selling buy rent live contact  08173387 66 property agent brighton
326,clothing  brand     wandering realm imagination threads interlace flow creation    mumbai india
327,save date  9 10 e 1110 at 1700 local  enterprise food square registrations open
328,0
329,0
330,innovative design firm vancouver bc
331,0
332,society media  â€œ success commitment â€ help businesses scale paid traffic
333,welcome architecture history channel  ahc
334,visual artist fairytales  vintage dreams
335,Add a few drops of essential oil to the diffuser ï¼Œ Can achieve the diffused effect ï¼Œ And maintain for a while Fully hand-made ; Add a name to make the gift more unique Suitable for various occasions such as birthdays ã€ marry ã€ Respect teacher  All styles are designed by the owner himself ï¼Œ Make sure that the entire design and even the details can show the giverâ€™s wishes Many styles ï¼Œ Not exhaustive ã€‚ Welcome dm or whatsapp 9034120 4 Inquire
336,interior  architecture  Method patel
337,"photographer illustrator graphic designer bangkok thailand 086 701 4774 ""Fortress of the Invisible Man"""
338,ğ–†ğ–—ğ–™ğ–Š ğ–†ğ–—ğ–™ğ–Š filmframes filmframes clapperboard moviecamera camerawithflash saxophone artistpalette performingarts artistpalette
339,around me Parquet Floors Decorations German Colors for 2020 Paper Walls Dyes Italian Decorations Steel Contact Abu
340,maison create coziness with premium coconut wax
341,fine artist
342,
343,premium supplier custom-made soft furnishings window treatments australian owned operated
344,cetak clothes rm14 print banner rm2 50 print sticker 20 its print when marriage 25 its print mug rm12 embroidery  clothes corporate rm60 01431367 63  01126266763
345,furniture â—‹ architecture interior â—‹ decor â—‹ Street 109  15-40 c c furniture guaymaral local 07 sum 3108067453 3183510011
346,come rocks stay 666 follower giveaway stickers prints originals sale
347,custom wear bold beautiful fb  designs quinntella founded  designsbyquinntella
348,interior design  built
349,bh  designer  guitarrista  jesus everithing guitar
350,ğ”“ğ”¥ğ”¬ğ”±ğ”¬ 2 Cor Ğ¼ÊŠ ï¹© her Â¢ voice camera headphone
351,click first issue business enquiries email us
352,largest selection hardwood carpet  laminate family owned operated since 1959 torr  west the call free is today 310-261-0603
353,day the
354,design connections beautiful house project find out of more its
355,welcome deaf graphic new everything possible nothing stop â€ artistpalette artistpalette â€ malesign
356,to we sent our Catalogue by whatsapp 5618821999 shipments everything mexico
357,paid promotion ur creative pics videos n much n share
358,daily logo design featuring best logo design business inquiries email
359,em reconstruction from 27 9992880 00
360,team of designers recruitment open recruitment
361,new homes  new townhouses  renovations  extensions  knock  rebuild
362,""" live """
363,high standard residential and commercial properties investment appraiser 99144-0776
364,
365,created courtney graphic design logo creations accounts  artistpalette
366,"â—‡ The best luxury in a private salon â€¦  â—‡ For inquiries, please contact the following line or phone ãƒ» from dm ï¼ˆ Friends ãƒ» Children are welcome ï¼‰ Reservation only line â–· â–· nailstudiogift â‡© Reservation status â‡©"
367,thinkingbigger since 1999
368,npower software provides mesh cad translation tools subd advanced nurbs modeling plugins lentil max way maya solidworks cyborg bld etc
369,aj under inspector
370,oh find full time mom  wife â€â€
371,boutique graphic web design studio based sydney madebysailor
372,0
373,tatiarts stationary store personalized since 2014 yours from uberaba mg tatiartsuberaba budget via whatsapp It is only to click at
374,guaranteed cheapest and quality quality premium interest seriously chat
375,entendemos the important what it is you weather free we want help you show off well feel you well  54 9 11 3781973 2 bay blanca we make
376,freelance illustrator  picker artistpalette
377,mechacity robotic mecha design glimps possibility future
378,bg concept designer working game company âœ¯ arts rights reserved artistpalette
379,illustration Illustration account Whimsical what you think is good ã€‚ another account
380,blog personal  your Dollars the day from team wolves win from 300 1000 usd â€
381,ingmecatronico entrepreneur 100 paisa medellÃ­n colombia
382,label woven label satin cotton Handgun ÎºÎ±Î¿ÏƒÎºÎ¬ÎºÎ· screen printing Plastic sum line  08783869034 5 email  free shipping design
383,graphic design studio based daejeon Daejeon Jung-gu Seonhwa-dong 286-9 Sorry comfort project Example
384,Ø§Ù„Ø¬Ù‡Ø±Ø§Ø¡Ù„Ø¯ÙŠÙƒÙˆØ±Ø§Øª Restorations General Kuwaiti Ceramic Offers Decorations designs Parquet Kuwait deputy board Treatments Chalets Shammari Engineer Abu
385,fascinating vtg jewelry  fashion buy  sell  trade  collect nyc details
386,make latest jewellery designz cheapest satisfaction give us buzz  61 4023261 90
387,co-working training center
388,pizza bear guy Â¦ graphic designer freelancer Â¦ work  Â¦ fb  Lucifer hg always the I go want
389,sampler platter life care hear opinions poodle lover handmade jewelry maker
390,unique  curated collection mid-century modern furniture typewriters vintage objects
391,artwork 19
392,ğ“ˆï½á¶œï½‰ğ”Ä¼ Î­â“gâ“˜á¶°ğ“”ğâ„ ğ•·ğ–Šğ–™ ğ–™ğ–ğ–Š ğ–‰ğ–†ğ–—ğ–ğ–“ğ–Šğ–˜ğ–˜ ğ–šğ–“ğ–‹ğ–”ğ–‘ğ–‰ ğ–”ğ–— ğ–‹ğ–ğ–“ğ–‰ ğ–‹ğ–”ğ–—ğ–™ğ–šğ–“ğ–Šğ–˜ ğ–šğ–“ğ–™ğ–”ğ–‘ğ–‰ camerawithflash
393,fellow visual  crochet artist also enjoys video games crochet commissions open long live mac miller
394,the shape from cut down obsidian from three generations production from Projects
395,special packaging box chat live click  bitly2icwwyt  sum 08180800028 1 min order 500 pcs
396,digital artist  1998 24th jan  use ipad pro  apple pencil â€ femalesign
397,complete home luxury custom closets storage  free virtual consultation 360 organizer lazy customcloset closetgoals
398," diseÃ±adora grÃ¡fica freelance  media print design  contÃ¡ctanos "" ayudando que tu idea se haga realidad """
399,models onlyfans promotion 1 million  worldwide network comment post great promotion
400,diseÃ±o graphic session from Photos vfx  edition videoclips  advertising prices al cm  camera filmframes moviecamera
401,dedicated making dream home reality
402,working towards greatness couple big moves making
403,bld visual design  build architecture interior contractor please us  08522698878 1 08522944009 4
404,Carefully selected sweets and book cafe surrounded by Scandinavian furniture ã€‚ Gallery store of historic masterpiece furniture and lighting ã€‚ Louis Poulsen regular store Karl Hansen ï¼† Sun regular store First Class Architect Office open 1000 ï½ 1800  last call 1700  fire ãƒ» Closed on Wednesdays Shizuoka City Suruga Ward Site 2-12- 2
405,polymer clay artist jewelry designer hanoi viet male
406,0
407,selective showcasing best footwear  fashion brands around world
408,order delivery delivery
409,k smart sun haifa
410,world wide peaceful sketches arts earth fast get amazing collection â€
411,í‹°ì…”ì¸  ë””ìì´ë„ˆë¥¼ ì…ë‹¤ â € â € mooz ê³µì‹ ì„œí¬í„°ì¦ˆ ëª¨ì§‘ì¤‘ â € 1006  1015 â €
412,design perfection
413,future matte painter vfx composer Creteve digital art photoshop manipulations gdl Mexico personal account
414,entusiasta from hq cinema e tv comic book movie tv show enthusiast
415,
416,ur Flirtatious girl started new  brand ambassador Forgotten dunga love u plz comment subscribe
417,design of decorative accessories for the house leather 100 we are manufacturers info whatsapp 318 3837808 cali colombia visit our online store
